INSERT INTO InstitutionType( kod, name) VALUES( '300', 'Centri socijalne skrbi');
INSERT INTO InstitutionType( kod, name) VALUES( '469', 'Domovi za starije i nemoćne osobe (domovi čiji je osnivač županija)');
INSERT INTO InstitutionType( kod, name) VALUES( '470', 'Domovi za starije i nemoćne osobe (domovi drugih osnivača)');
INSERT INTO InstitutionType( kod, name) VALUES( '471', 'Domovi za psihički bolesne odrasle osobe (domovi čiji je osnivač Republika Hrvatska)');
INSERT INTO InstitutionType( kod, name) VALUES( '474', 'Domovi za psihički bolesne odrasle osobe (domovi drugih osnivača)');
INSERT INTO InstitutionType( kod, name) VALUES( '475', 'Domovi za tjelesno ili mentalno oštećene osobe (domovi čiji je osnivač Republika Hrvatska)');
INSERT INTO InstitutionType( kod, name) VALUES( '476', 'Domovi za tjelesno ili mentalno oštećene osobe (domovi drugih osnivača)');
INSERT INTO InstitutionType( kod, name) VALUES( '477', 'Domovi za djecu bez odgovarajuće roditeljske skrbi (domovi čiji je osnivač Republika Hrvatska)');
INSERT INTO InstitutionType( kod, name) VALUES( '478', 'Domovi za djecu bez odgovarajuće roditeljske skrbi (domovi drugih osnivača)');
INSERT INTO InstitutionType( kod, name) VALUES( '479', 'Domovi za djecu s poremećajima u ponašanju (domovi čiji je osnivač Republika Hrvatska)');
INSERT INTO County( kod, name) VALUES( 'BBZ', 'Bjelovarsko-bilogorska županija');
INSERT INTO County( kod, name) VALUES( 'BPZ', 'Brodsko-posavska županija');
INSERT INTO County( kod, name) VALUES( 'DNZ', 'Dubrovačko-neretvanska županija');
INSERT INTO County( kod, name) VALUES( 'GZG', 'Grad Zagreb');
INSERT INTO County( kod, name) VALUES( 'IZ', 'Istarska županija');
INSERT INTO County( kod, name) VALUES( 'KZ', 'Karlovačka županija');
INSERT INTO County( kod, name) VALUES( 'KKZ', 'Koprivničko-križevačka županija');
INSERT INTO County( kod, name) VALUES( 'KZZ', 'Krapinsko-zagorska županija');
INSERT INTO County( kod, name) VALUES( 'LSZ', 'Ličko-senjska županija');
INSERT INTO County( kod, name) VALUES( 'MZ', 'Međimurska županija');
INSERT INTO County( kod, name) VALUES( 'OBZ', 'Osječko-baranjska županija');
INSERT INTO County( kod, name) VALUES( 'PSZ', 'Požeško-slavonska županija');
INSERT INTO County( kod, name) VALUES( 'PGZ', 'Primorsko-goranska županija');
INSERT INTO County( kod, name) VALUES( 'SMZ', 'Sisačko-moslavačka županija');
INSERT INTO County( kod, name) VALUES( 'SDZ', 'Splitsko-dalmatinska županija');
INSERT INTO County( kod, name) VALUES( 'SKZ', 'Šibensko-kninska županija');
INSERT INTO County( kod, name) VALUES( 'VZ', 'Varaždinska županija');
INSERT INTO County( kod, name) VALUES( 'VPZ', 'Virovitičko-podravska županija');
INSERT INTO County( kod, name) VALUES( 'VSZ', 'Vukovarsko-srijemska županija');
INSERT INTO County( kod, name) VALUES( 'ZDZ', 'Zadarska županija');
INSERT INTO County( kod, name) VALUES( 'ZGZ', 'Zagrebačka županija');
INSERT INTO Institution( type, county, name, address, phone) VALUES( '300', 'BBZ', 'Centar za socijalnu skrb Bjelovar', 'J.J. Strossmayera 2
43 000 Bjelovar', '043/247-260 ');
INSERT INTO Institution( type, county, name, address, phone) VALUES( '300', 'BBZ', 'Centar za socijalnu skrb Čazma', 'Trg čazmanskog kaptola 6
43240 Čazma', ' ');
INSERT INTO Institution( type, county, name, address, phone) VALUES( '300', 'BBZ', 'Centar za socijalnu skrb Daruvar', 'Radićeva 5/1
43 500 Daruvar', '043/331-868; 043/331-083 ');
INSERT INTO Institution( type, county, name, address, phone) VALUES( '300', 'BBZ', 'Podružnica Grubišno Polje', 'M. A. Reljkovića 26
43 290 Grubišno Polje', '043/485-179');
INSERT INTO Institution( type, county, name, address, phone) VALUES( '300', 'BBZ', 'Centar za socijalnu skrb Garešnica', 'Vladimira Nazora 13
43280 Garešnica', '043/531-189 ');
INSERT INTO Institution( type, county, name, address, phone) VALUES( '300', 'BBZ', 'Podružnica Grubišno Polje', 'M. A. Reljkovića 26
43 290 Grubišno Polje', '043/485-179 ');
INSERT INTO Institution( type, county, name, address, phone) VALUES( '300', 'BBZ', 'Podružnica Pitomača', 'Trg kralja
Tomislava bb', '033/783-045 ');
INSERT INTO Institution( type, county, name, address, phone) VALUES( '300', 'BPZ', 'Centar za socijalnu skrb Nova Gradiška', 'Karla Dieneša 4/1
35 400 N. Gradiška', '035/362-611 ');
INSERT INTO Institution( type, county, name, address, phone) VALUES( '300', 'BPZ', 'Centar za socijalnu skrb Slavonski Brod', 'Naselje Slavonija I, bb
35 000 Sl. Brod', '035/213-700 ');
INSERT INTO Institution( type, county, name, address, phone) VALUES( '300', 'DNZ', 'Centar za socijalnu skrb Dubrovnik', 'Miha Pracata 11
20 000 Dubrovnik
p.p. 90', '020/323-899, 020/414-700 i 020/414-711  ');
INSERT INTO Institution( type, county, name, address, phone) VALUES( '300', 'DNZ', 'Centar za socijalnu skrb Korčula', 'Šetalište Frana Kršinića 50
20 260 Korčula', '020/715-854 ');
INSERT INTO Institution( type, county, name, address, phone) VALUES( '300', 'DNZ', 'Centar za socijalnu skrb Metković', 'Ante Starčevića 25
20 350 Metković', '020/690-999 (020/690-981, 82...89) ');
INSERT INTO Institution( type, county, name, address, phone) VALUES( '300', 'DNZ', 'Centar za socijalnu skrb Ploče', 'Dalmatinska 4
20 340 Ploče', '020/679-071 ');
INSERT INTO Institution( type, county, name, address, phone) VALUES( '300', 'GZG', 'Centar za socijalnu skrb Zagreb', 'Eugena Kumičića 5
10 000 Zagreb', '01/4550-849; 01/4550-813; 01/4550-220; 01/4550-644; 01/4550-671 ');
INSERT INTO Institution( type, county, name, address, phone) VALUES( '300', 'GZG', 'Ured Trnje', 'Cvijete Zuzorić 53', '01/6112-284; 01/6150-186; 01/6150-185');
INSERT INTO Institution( type, county, name, address, phone) VALUES( '300', 'GZG', 'Ured Trešnjevka', 'Vitezićeva 57', '01/3639-717; 01/3639-733; 01/3639-723; 01/3639-785');
INSERT INTO Institution( type, county, name, address, phone) VALUES( '300', 'GZG', 'Ured Susedgrad', 'Aleja Bologne 2
Susedgrad', '01/3454-038; 01/3454-039');
INSERT INTO Institution( type, county, name, address, phone) VALUES( '300', 'GZG', 'Ured Sesvete', 'Trg D. Domjanića 6
10260 Sesvete', '01/2002-062; 01/2002-068');
INSERT INTO Institution( type, county, name, address, phone) VALUES( '300', 'GZG', 'Ured Pešćenica', 'Zapoljska 1', '01/6100-203');
INSERT INTO Institution( type, county, name, address, phone) VALUES( '300', 'GZG', 'Ured Novi Zagreb', 'Av. Dubrovnik 12', '01/6585-555;');
INSERT INTO Institution( type, county, name, address, phone) VALUES( '300', 'GZG', 'Ured Medveščak', 'Trg Burze 2', '01/4810-481; 01/4810-475');
INSERT INTO Institution( type, county, name, address, phone) VALUES( '300', 'GZG', 'Ured Maksimir', 'Maksimirska 51', '01/2332-792; 01/2335-883; 01/2342-306; 01/2342-307');
INSERT INTO Institution( type, county, name, address, phone) VALUES( '300', 'GZG', 'Ured Dubrava', 'Avenija Dubrava 47', '01/2988-501; 01/2988-502 ; 01/2988-503 ; 01/2991-617');
INSERT INTO Institution( type, county, name, address, phone) VALUES( '300', 'GZG', 'Ured Črnomerec', 'Ilica 259', '01/3777-150; 01/3750-010');
INSERT INTO Institution( type, county, name, address, phone) VALUES( '300', 'GZG', 'Ured Centar', 'Haulikova 6/II', '01/4577-211');
INSERT INTO Institution( type, county, name, address, phone) VALUES( '300', 'GZG', 'Ured Centar', 'Haulikova 6/II', '01/4577-211 ');
INSERT INTO Institution( type, county, name, address, phone) VALUES( '300', 'GZG', 'Ured Črnomerec', 'Ilica 259', '01/3777-150; 01/3750-010 ');
INSERT INTO Institution( type, county, name, address, phone) VALUES( '300', 'GZG', 'Ured Dubrava', 'Avenija Dubrava 47', '01/2988-501; 01/2988-502 ; 01/2988-503 ; 01/2991-617 ');
INSERT INTO Institution( type, county, name, address, phone) VALUES( '300', 'GZG', 'Ured Maksimir', 'Maksimirska 51', '01/2332-792; 01/2335-883; 01/2342-306; 01/2342-307 ');
INSERT INTO Institution( type, county, name, address, phone) VALUES( '300', 'GZG', 'Ured Medveščak', 'Trg Burze 2', '01/4810-481; 01/4810-475 ');
INSERT INTO Institution( type, county, name, address, phone) VALUES( '300', 'GZG', 'Ured Novi Zagreb', 'Av. Dubrovnik 12', '01/6585-555;  ');
INSERT INTO Institution( type, county, name, address, phone) VALUES( '300', 'GZG', 'Ured Pešćenica', 'Zapoljska 1', '01/6100-203 ');
INSERT INTO Institution( type, county, name, address, phone) VALUES( '300', 'GZG', 'Ured Sesvete', 'Trg D. Domjanića 6
10260 Sesvete', '01/2002-062; 01/2002-068 ');
INSERT INTO Institution( type, county, name, address, phone) VALUES( '300', 'GZG', 'Ured Susedgrad', 'Aleja Bologne 2
Susedgrad', '01/3454-038; 01/3454-039 ');
INSERT INTO Institution( type, county, name, address, phone) VALUES( '300', 'GZG', 'Ured Trešnjevka', 'Vitezićeva 57', '01/3639-717; 01/3639-733; 01/3639-723; 01/3639-785 ');
INSERT INTO Institution( type, county, name, address, phone) VALUES( '300', 'GZG', 'Ured Trnje', 'Cvijete Zuzorić 53', '01/6112-284; 01/6150-186; 01/6150-185  ');
INSERT INTO Institution( type, county, name, address, phone) VALUES( '300', 'IZ', 'Centar za socijalnu skrb Buje', 'Rudine 1
52 460 Buje', '052/772-036; 052/772-024  ');
INSERT INTO Institution( type, county, name, address, phone) VALUES( '300', 'IZ', 'Centar za socijalnu skrb Labin', 'Istarska 1
52 220 Labin', '052/856-522; 052/856-464 ');
INSERT INTO Institution( type, county, name, address, phone) VALUES( '300', 'IZ', 'Centar za socijalnu skrb Pazin', 'Prolaz Otokara Keršovanija 2
52 400 Pazin', '052/624-433; 052/624-497 ');
INSERT INTO Institution( type, county, name, address, phone) VALUES( '300', 'IZ', 'Podružnica Buzet', 'II. Istarske brigade 11
52 420 Buzet', '052/662-523');
INSERT INTO Institution( type, county, name, address, phone) VALUES( '300', 'IZ', 'Centar za socijalnu skrb Poreč', 'dr. Maura Gioseffia 2b,
52 440 Poreč', '052/451-657; 052/432-011 ');
INSERT INTO Institution( type, county, name, address, phone) VALUES( '300', 'IZ', 'Centar za socijalnu skrb Pula', 'Sergijevaca 2
52100 Pula', ' ');
INSERT INTO Institution( type, county, name, address, phone) VALUES( '300', 'IZ', 'Centar za socijalnu skrb Rovinj', 'Carera 21/II
52 210 Rovinj', ' ');
INSERT INTO Institution( type, county, name, address, phone) VALUES( '300', 'KZ', 'Centar za socijalnu skrb Duga Resa', 'Ul.137. brigade 3
47 250 Duga Resa', '047/844-247 ');
INSERT INTO Institution( type, county, name, address, phone) VALUES( '300', 'KZ', 'Centar za socijalnu skrb Karlovac', 'I. Meštrovića 10
47 000 Karlovac', '047/415-459; 047/415-462; 047/415-458 ');
INSERT INTO Institution( type, county, name, address, phone) VALUES( '300', 'KZ', 'Podružnica Vojnić', 'Trg Stjepana Radića 1,
47 220 Vojnić', '047/883-058');
INSERT INTO Institution( type, county, name, address, phone) VALUES( '300', 'KZ', 'Podružnica Ozalj', 'Kurilovac 8
47 280 Ozalj', '047/731-854');
INSERT INTO Institution( type, county, name, address, phone) VALUES( '300', 'KZ', 'Centar za socijalnu skrb Ogulin', 'Vijenac Ive Marinkovića 1
47 300 Ogulin', '047/522-042 ');
INSERT INTO Institution( type, county, name, address, phone) VALUES( '300', 'KZ', 'Centar za socijalnu skrb Slunj', 'Školska 2
47 240 Slunj', '047/777-107 ');
INSERT INTO Institution( type, county, name, address, phone) VALUES( '300', 'KKZ', 'Centar za socijalnu skrb Đurđevac', 'Gajeva 6
48350 Đurđevac', '048/812-612; 048/812-614 ');
INSERT INTO Institution( type, county, name, address, phone) VALUES( '300', 'KKZ', 'Centar za socijalnu skrb Koprivnica', 'Trg Eugena Kumičića 2
48 000 Koprivnica', '048/642-247; 048/642-248 ');
INSERT INTO Institution( type, county, name, address, phone) VALUES( '300', 'KKZ', 'Centar za socijalnu skrb Križevci', 'Bana Josipa Jelačića 5
48 260 Križevci', '048/711-710 ');
INSERT INTO Institution( type, county, name, address, phone) VALUES( '300', 'KZZ', 'Centar za socijalnu skrb Donja Stubica', 'Starogradska 3
49 240 Donja Stubica', '049/286-157  ');
INSERT INTO Institution( type, county, name, address, phone) VALUES( '300', 'KZZ', 'Centar za socijalnu skrb Krapina', 'Frana Galovića bb
49 230 Krapina
p.p. 19', '049/371-847; 049/370-847 ');
INSERT INTO Institution( type, county, name, address, phone) VALUES( '300', 'KZZ', 'Podružnica Pregrada', 'Kostelgradska 5
49 218 Pregrada', '049/376-029; 049/376-099');
INSERT INTO Institution( type, county, name, address, phone) VALUES( '300', 'KZZ', 'Centar za socijalnu skrb Zabok', 'Matije Gupca 53
49 210 Zabok', '049/221-346; 049/223-392 ');
INSERT INTO Institution( type, county, name, address, phone) VALUES( '300', 'KZZ', 'Podružnica Klanjec', 'Trg mira 11
49 290 Klanjec', '049/550-031');
INSERT INTO Institution( type, county, name, address, phone) VALUES( '300', 'KZZ', 'Centar za socijalnu skrb Zlatar Bistrica', 'S. Radića 2
49247 Zlatar Bistrica', '049/461-805 ');
INSERT INTO Institution( type, county, name, address, phone) VALUES( '300', 'LSZ', 'Centar za socijalnu skrb Gospić', 'Vile Velebita 6
53 000 Gospić', '053/741-110 ');
INSERT INTO Institution( type, county, name, address, phone) VALUES( '300', 'LSZ', 'CZSS Gospić - Podružnica Korenica', 'Josipa Jovića 16
53 230 Korenica', '053/756-252');
INSERT INTO Institution( type, county, name, address, phone) VALUES( '300', 'LSZ', 'Centar za socijalnu skrb Senj', 'V. Novaka 4
53 270 Senj', '053/882-929; 053/882-930 ');
INSERT INTO Institution( type, county, name, address, phone) VALUES( '300', 'LSZ', 'Podružnica Otočac', 'Kralja Zvonimira 8
53 220 Otočac', '053/773-022; 053/773-306');
INSERT INTO Institution( type, county, name, address, phone) VALUES( '300', 'LSZ', 'CZSS Gospić - Podružnica Korenica', 'Josipa Jovića 16
53 230 Korenica', '053/756-252 ');
INSERT INTO Institution( type, county, name, address, phone) VALUES( '300', 'MZ', 'Centar za socijalnu skrb Čakovec', 'Vladimira Nazora 16
40300 Čakovec', ' ');
INSERT INTO Institution( type, county, name, address, phone) VALUES( '300', 'MZ', 'CZSS Čakovec - Podružnica Prelog', 'Kralja Zvonimira 9
40323 Prelog', '040/646-573');
INSERT INTO Institution( type, county, name, address, phone) VALUES( '300', 'MZ', 'CZSS Čakovec - Podružnica Prelog', 'Kralja Zvonimira 9
40323 Prelog', '040/646-573 ');
INSERT INTO Institution( type, county, name, address, phone) VALUES( '300', 'OBZ', 'Centar za socijalnu skrb Beli Manastir', 'Kralja Tomislava 37
31300 Beli Manastir', '031/705-155 ');
INSERT INTO Institution( type, county, name, address, phone) VALUES( '300', 'OBZ', 'Centar za socijalnu skrb Donji Miholjac', 'Vukovarska 7
31540 Donji Miholjac', '031/631-525 ');
INSERT INTO Institution( type, county, name, address, phone) VALUES( '300', 'OBZ', 'Centar za socijalnu skrb Đakovo', 'P. Preradovića 2a
31 400 Đakovo', '031/813-331; 031/812-152 ');
INSERT INTO Institution( type, county, name, address, phone) VALUES( '300', 'OBZ', 'Centar za socijalnu skrb Našice', 'Pejačevićev trg 8
34 500 Našice', '031/617-191; 031/613-411 ');
INSERT INTO Institution( type, county, name, address, phone) VALUES( '300', 'OBZ', 'Centar za socijalnu skrb Osijek', 'Lorenza Jagara 12
31 000 Osijek', '031/212-400 ');
INSERT INTO Institution( type, county, name, address, phone) VALUES( '300', 'OBZ', 'Centar za socijalnu skrb Valpovo', 'Matije Gupca 11
31 550 Valpovo', '031/651-123; 031/651-920  ');
INSERT INTO Institution( type, county, name, address, phone) VALUES( '300', 'PSZ', 'Centar za socijalnu skrb Pakrac', 'Petra Preradovića 1
34550 Pakrac', '034/411-546 ');
INSERT INTO Institution( type, county, name, address, phone) VALUES( '300', 'PSZ', 'Centar za socijalnu skrb Požega', 'Istarska 2
34 300 Požega', '034/273-807 ');
INSERT INTO Institution( type, county, name, address, phone) VALUES( '300', 'PGZ', 'Centar za socijalnu skrb Cres-Lošinj', 'Riva lošinjskih kapetana 13/1
51550 Mali Lošinj
Creskog statuta 15
51557 Cres', '051/231-076, 051/571-527 ');
INSERT INTO Institution( type, county, name, address, phone) VALUES( '300', 'PGZ', 'Cres', 'Creskog statuta 15
51 557 Cres', '');
INSERT INTO Institution( type, county, name, address, phone) VALUES( '300', 'PGZ', 'Centar za socijalnu skrb Crikvenica', 'Gorica-Braće Cvetića 2
51260 Crikvenica', '051/784-270 ');
INSERT INTO Institution( type, county, name, address, phone) VALUES( '300', 'PGZ', 'Podružnica Rab', 'Biskupa draga 2
51 280 Rab', '');
INSERT INTO Institution( type, county, name, address, phone) VALUES( '300', 'PGZ', 'Centar za socijalnu skrb Krk', 'Vršanska 21A
51 500 Krk', '051/880-700 ');
INSERT INTO Institution( type, county, name, address, phone) VALUES( '300', 'PGZ', 'Centar za socijalnu skrb Opatija', 'Stubište Baredine 10/I
51410 Opatija', '051/703-057; 051/703-058; 051/701-493 ');
INSERT INTO Institution( type, county, name, address, phone) VALUES( '300', 'PGZ', 'Centar za socijalnu skrb Rijeka', 'Laginjina 11/a
51 000 Rijeka', '051/226-586 ');
INSERT INTO Institution( type, county, name, address, phone) VALUES( '300', 'PGZ', 'Podružnica Vrbovsko', 'Dobra 6
51 326 Vrbovsko', '051/875-520');
INSERT INTO Institution( type, county, name, address, phone) VALUES( '300', 'PGZ', 'Podružnica Čabar', 'Trg K. Tomislava 9
51 306 Čabar', '051/821-084');
INSERT INTO Institution( type, county, name, address, phone) VALUES( '300', 'PGZ', 'Podružnica Delnice', 'Školska 22
51 300 Delnice', '051/811-402; 051/811-634');
INSERT INTO Institution( type, county, name, address, phone) VALUES( '300', 'PGZ', 'Podružnica Rab', 'Biskupa draga 2
51 280 Rab', ' ');
INSERT INTO Institution( type, county, name, address, phone) VALUES( '300', 'SMZ', 'Centar za socijalnu skrb Glina', 'Trg dr. FranjeTuđmana 24
Glina', '044/811-660 ');
INSERT INTO Institution( type, county, name, address, phone) VALUES( '300', 'SMZ', 'Podružnica Topusko', 'Trg bana J. Jelačića 14
44 415 Topusko', '');
INSERT INTO Institution( type, county, name, address, phone) VALUES( '300', 'SMZ', 'Centar za socijalnu skrb Hrvatska Kostajnica', 'Kralja Tomislava bb
44 430 Hrvatska Kostajnica', ' ');
INSERT INTO Institution( type, county, name, address, phone) VALUES( '300', 'SMZ', 'Centar za socijalnu skrb Kutina', 'Stjepana Radića 7a
44 320 Kutina', '044/683-603 ');
INSERT INTO Institution( type, county, name, address, phone) VALUES( '300', 'SMZ', 'Centar za socijalnu skrb Novska', 'Trg Đure Szabe 7
44 330 Novska', '044/600-672 ');
INSERT INTO Institution( type, county, name, address, phone) VALUES( '300', 'SMZ', 'Centar za socijalnu skrb Petrinja', 'Turkulinova 7
44 250 Petrinja', '044/815-272  ');
INSERT INTO Institution( type, county, name, address, phone) VALUES( '300', 'SMZ', 'Centar za socijalnu skrb Sisak', 'Ulica lipa 11
44 000 Sisak', ' ');
INSERT INTO Institution( type, county, name, address, phone) VALUES( '300', 'SMZ', 'Podružnica Dvor', 'Trg bana J. Jelačića15
44 440 Dvor', '044/871-325; 044/871-130');
INSERT INTO Institution( type, county, name, address, phone) VALUES( '300', 'SDZ', 'Centar za socijalnu skrb Imotski', 'Bruna Bušića 6
21 260 Imotski', '021/841-421; 021/842-241 ');
INSERT INTO Institution( type, county, name, address, phone) VALUES( '300', 'SDZ', 'Centar za socijalnu skrb Makarska', 'PTC “Sv. Nikola”
Ul kipara Meštrovića 2a,
21300 Makarska
p.p. 80', '021/611-544  ');
INSERT INTO Institution( type, county, name, address, phone) VALUES( '300', 'SDZ', 'Podružnica Vrgorac', 'Ul. A.G. Matoša 1
21276 Vrgorac', '021/674-077; 021/674-343');
INSERT INTO Institution( type, county, name, address, phone) VALUES( '300', 'SDZ', 'Centar za socijalnu skrb Omiš', 'Četvrt Ribnjak bb
21 310 Omiš', '021/864-470 ');
INSERT INTO Institution( type, county, name, address, phone) VALUES( '300', 'SDZ', 'Centar za socijalnu skrb Sinj', 'Zankova glavica 2
21 230 Sinj', '021/821-446 ');
INSERT INTO Institution( type, county, name, address, phone) VALUES( '300', 'SDZ', 'Centar za socijalnu skrb Split', 'Gundulićeva 22
21 000 Split', '021/380-155; 021/380-150; 021/380-157; 021/380-151 ');
INSERT INTO Institution( type, county, name, address, phone) VALUES( '300', 'SDZ', 'Podružnica Vis', 'Trg 30. svibnja 92 br. 2
21 480 Vis', '021/711-875');
INSERT INTO Institution( type, county, name, address, phone) VALUES( '300', 'SDZ', 'Podružnica Hvar', 'Fabrika bb
Hvar', '021/742-411; 021/743-015');
INSERT INTO Institution( type, county, name, address, phone) VALUES( '300', 'SDZ', 'Podružnica Solin', 'Hektorovićeva 38
21 210 Solin', '021/244-106');
INSERT INTO Institution( type, county, name, address, phone) VALUES( '300', 'SDZ', 'Podružnica Kaštela', 'Fuležina 1
21 216 Kaštel Stari', '021/230-944');
INSERT INTO Institution( type, county, name, address, phone) VALUES( '300', 'SDZ', 'Centar za socijalnu skrb Supetar-Brač', 'M. Vodanovića 18
21 400 Supetar', '021/631-314; 021/631-031 ');
INSERT INTO Institution( type, county, name, address, phone) VALUES( '300', 'SDZ', 'Centar za socijalnu skrb Trogir', 'Hrvatskih mučenika 6
21 220 Trogir', '021/881-988 ');
INSERT INTO Institution( type, county, name, address, phone) VALUES( '300', 'SDZ', 'Podružnica Solin', 'Hektorovićeva 38
21 210 Solin', '021/244-106 ');
INSERT INTO Institution( type, county, name, address, phone) VALUES( '300', 'SKZ', 'Centar za socijalnu skrb Drniš', 'Kardinala A. Stepinca 4
22 320 Drniš', '022/886-042  ');
INSERT INTO Institution( type, county, name, address, phone) VALUES( '300', 'SKZ', 'Centar za socijalnu skrb Knin', 'G. Šuška 4
22 300 Knin', '022/664-480  ');
INSERT INTO Institution( type, county, name, address, phone) VALUES( '300', 'SKZ', 'Centar za socijalnu skrb Šibenik', 'Petra Grubišića 3
22 000 Šibenik', '022/201-222 ');
INSERT INTO Institution( type, county, name, address, phone) VALUES( '300', 'VZ', 'Centar za socijalnu skrb Ivanec', 'Đure Arnolda 11
42 240 Ivanec', '042/781-353; 042/771-770 ');
INSERT INTO Institution( type, county, name, address, phone) VALUES( '300', 'VZ', 'Centar za socijalnu skrb Ludbreg', 'Kardinala Franje Kuharića 12
42 230 Ludbreg', '042/332-840 ');
INSERT INTO Institution( type, county, name, address, phone) VALUES( '300', 'VZ', 'Centar za socijalnu skrb Novi Marof', 'Zagorska 28
42 220 Novi Marof', '042/613-600 ');
INSERT INTO Institution( type, county, name, address, phone) VALUES( '300', 'VZ', 'Centar za socijalnu skrb Varaždin', 'Nazorova 22
42 000 Varaždin', '042/303-900 ');
INSERT INTO Institution( type, county, name, address, phone) VALUES( '300', 'VPZ', 'Centar za socijalnu skrb Slatina', 'V. Nazora 5/1
33 516 Slatina', '033/551-158 ');
INSERT INTO Institution( type, county, name, address, phone) VALUES( '300', 'VPZ', 'Podružnica Orahovica', 'K. Zvonimira 51
33 515 Orahovica', '033/673-735; 033/674-495');
INSERT INTO Institution( type, county, name, address, phone) VALUES( '300', 'VPZ', 'Centar za socijalnu skrb Virovitica', 'A. Šenoe 1
33 000 Virovitica', '033/721-530; 033/722-834  ');
INSERT INTO Institution( type, county, name, address, phone) VALUES( '300', 'VPZ', 'Podružnica Pitomača', 'Trg kralja
Tomislava bb', '033/783-045');
INSERT INTO Institution( type, county, name, address, phone) VALUES( '300', 'VSZ', 'Centar za socijalnu skrb Vinkovci', 'Glagoljaška 31 E
32 000 Vinkovci', '032/332-315 ');
INSERT INTO Institution( type, county, name, address, phone) VALUES( '300', 'VSZ', 'Centar za socijalnu skrb Vukovar', 'Županijska 13
32 010 Vukovar
p.p. 77', '032/450-922; 032/450-920 ');
INSERT INTO Institution( type, county, name, address, phone) VALUES( '300', 'VSZ', 'CZSS Vukovar - Podružnica Ilok', 'Strossmayerova 590
32236 Ilok', '032/590-098, 032/590-244');
INSERT INTO Institution( type, county, name, address, phone) VALUES( '300', 'VSZ', 'Centar za socijalnu skrb Županja', 'dr. Franje Račkog 30c
32 270 Županja', '032/831-328; 032/832-160 ');
INSERT INTO Institution( type, county, name, address, phone) VALUES( '300', 'VSZ', 'CZSS Vukovar - Podružnica Ilok', 'Strossmayerova 590
32236 Ilok', '032/590-098, 032/590-244 ');
INSERT INTO Institution( type, county, name, address, phone) VALUES( '300', 'ZDZ', 'Centar za socijalnu skrb Benkovac', 'Ivana Meštrovića 8
23 420 Benkovac', '023/681-133 ');
INSERT INTO Institution( type, county, name, address, phone) VALUES( '300', 'ZDZ', 'Centar za socijalnu skrb Biograd na moru', 'Trg kralja Tomislava 16,
23 210 Biograd', '023/383-472 ');
INSERT INTO Institution( type, county, name, address, phone) VALUES( '300', 'ZDZ', 'Centar za socijalnu skrb Zadar', 'Andrije Hebranga 1
23 000 Zadar', '023/ 230-392 ');
INSERT INTO Institution( type, county, name, address, phone) VALUES( '300', 'ZDZ', 'Podružnica Pag', 'Šetalište grada Zanea 1
23 250 Pag', '023/611-320');
INSERT INTO Institution( type, county, name, address, phone) VALUES( '300', 'ZDZ', 'Podružnica Obrovac', 'Ante Starčevića 8
23 450 Obrovac', '023/689-060; 023/689-261');
INSERT INTO Institution( type, county, name, address, phone) VALUES( '300', 'ZDZ', 'Podružnica Gračac', 'Školska ul. bb
23 440 Gračac', '023/773-446; 023/773-076');
INSERT INTO Institution( type, county, name, address, phone) VALUES( '300', 'ZDZ', 'Podružnica Pag', 'Šetalište grada Zanea 1
23 250 Pag', '023/611-320 ');
INSERT INTO Institution( type, county, name, address, phone) VALUES( '300', 'ZGZ', 'Centar za socijalnu skrb Dugo Selo', 'Josipa Zorića 1
10 370 Dugo Selo', '01/2753-209  ');
INSERT INTO Institution( type, county, name, address, phone) VALUES( '300', 'ZGZ', 'Centar za socijalnu skrb Ivanić Grad', 'Franje Jurinca 6
10 310 Ivanić Grad', '01/2882-301; 01/2882-302 ');
INSERT INTO Institution( type, county, name, address, phone) VALUES( '300', 'ZGZ', 'Centar za socijalnu skrb Jastrebarsko', 'Trg Ljube Babića 29
10 420 Jastrebarsko', '01/6281-482 ');
INSERT INTO Institution( type, county, name, address, phone) VALUES( '300', 'ZGZ', 'Centar za socijalnu skrb Samobor', 'Zagorska 1
10 430 Samobor', '01/3362-702 ');
INSERT INTO Institution( type, county, name, address, phone) VALUES( '300', 'ZGZ', 'Centar za socijalnu skrb Sv. Ivan Zelina', 'Braće Radića 2
10 380 Sv. Ivan Zelina', '01/2060-114; 01/2060-617 ');
INSERT INTO Institution( type, county, name, address, phone) VALUES( '300', 'ZGZ', 'Centar za socijalnu skrb Velika Gorica', 'Trg kralja Tomislava 35
10410 Velika Gorica', '01/6222-666; 01/6222-216 ');
INSERT INTO Institution( type, county, name, address, phone) VALUES( '300', 'ZGZ', 'Centar za socijalnu skrb Vrbovec', 'Trg Petra Zrinskog 23
10 216 Vrbovec', ' ');
INSERT INTO Institution( type, county, name, address, phone) VALUES( '300', 'ZGZ', 'Centar za socijalnu skrb Zaprešić', 'Drage Kodrmana 3a
10 211 Zaprešić', '01/3310-399; 01/3310-450 ');
INSERT INTO Institution( type, county, name, address, phone) VALUES( '469', 'BBZ', 'Dom za starije i nemoćne osobe - Bjelovar', 'Vlahe Paljetka 1
43000 Bjelovar', '043/631-500 ');
INSERT INTO Institution( type, county, name, address, phone) VALUES( '469', 'BBZ', 'Dom za starije i nemoćne osobe "Ljudevite pl. Janković" Daruvar', 'Samostanski prilaz 4
43500 Daruvar', '043/331-702 ');
INSERT INTO Institution( type, county, name, address, phone) VALUES( '469', 'BPZ', 'Dom za starije i nemoćne osobe - Slavonski Brod', 'Kraljice Jelene bb
35000 Sl. Brod', '035/448-511  ');
INSERT INTO Institution( type, county, name, address, phone) VALUES( '469', 'DNZ', 'Dom za starije i nemoćne osobe - Dubrovink', 'Dr. A. Starčevića 33
20000 Dubrovnik', '020/416-530 ');
INSERT INTO Institution( type, county, name, address, phone) VALUES( '469', 'DNZ', 'Dom za starije i nemoćne osobe "Domus Christi"', 'Za Rokom 13
20000 Dubrovnik', '020/323-380');
INSERT INTO Institution( type, county, name, address, phone) VALUES( '469', 'DNZ', 'Dom za starije i nemoćne osobe - Korčula', 'Ul. 58 br. 2
20260 Korčula', '020/711-606 ');
INSERT INTO Institution( type, county, name, address, phone) VALUES( '469', 'DNZ', 'Dom za starije i nemoćne osobe - Vela Luka', 'Obala 3 br. 1
20270 Vela Luka', '020/812-747');
INSERT INTO Institution( type, county, name, address, phone) VALUES( '469', 'GZG', 'Dom za starije i nemoćne osobe - Centar - Zagreb', 'Klaićeva 10/Crnatkova 14
10 000 Zagreb', '4924-100 ');
INSERT INTO Institution( type, county, name, address, phone) VALUES( '469', 'GZG', 'Dom za starije i nemoćne osobe - Trešnjevka', 'Trg Slavoljuba Penkale 1', '3659-555');
INSERT INTO Institution( type, county, name, address, phone) VALUES( '469', 'GZG', 'Dom za starije i nemoćne osobe - Trnje', 'Poljička ulica 12', '01/61-51-300');
INSERT INTO Institution( type, county, name, address, phone) VALUES( '469', 'GZG', 'Dom za starije i nemoćne osobe - Sveti Josip', 'Dunjevac 17', '3745-444');
INSERT INTO Institution( type, county, name, address, phone) VALUES( '469', 'GZG', 'Dom za starije i nemoćne osobe - Sveta Ana', 'Islandska 2', '6600-655');
INSERT INTO Institution( type, county, name, address, phone) VALUES( '469', 'GZG', 'Dom za starije i nemoćne osobe - Peščenica', 'D. Svetice 89', '2302-166');
INSERT INTO Institution( type, county, name, address, phone) VALUES( '469', 'GZG', 'Dom za starije i nemoćne osobe - Medvešćak', 'Trg D. Iblera 8', '4612-333');
INSERT INTO Institution( type, county, name, address, phone) VALUES( '469', 'GZG', 'Dom za starije i nemoćne osobe - Maksimir', 'Hegedušićeva 20', '2351-111');
INSERT INTO Institution( type, county, name, address, phone) VALUES( '469', 'GZG', 'Dom za starije i nemoćne osobe - Ksaver', 'Nemetova 2', '4674-133');
INSERT INTO Institution( type, county, name, address, phone) VALUES( '469', 'GZG', 'Dom za starije i nemoćne osobe - Dubrava', 'M. Gavazzija 26', '2851-552');
INSERT INTO Institution( type, county, name, address, phone) VALUES( '469', 'GZG', 'Dom za starije i nemoćne osobe - Trnje', 'Poljička ulica 12', '01/61-51-300 ');
INSERT INTO Institution( type, county, name, address, phone) VALUES( '469', 'IZ', 'Dom za starije i nemoćne osobe - Casa per anziani e disabili Cittanova - Novigrad', 'Domovinskih žrt. bb
52466 Novigrad', '052/729-020 ');
INSERT INTO Institution( type, county, name, address, phone) VALUES( '469', 'IZ', 'Dom za starije i nemoćne osobe - Raša', 'Ul. N. Tesle 1
52223 Raša', '052/874-243 ');
INSERT INTO Institution( type, county, name, address, phone) VALUES( '469', 'IZ', 'Dom za starije i nemoćne osobe "Domenico Pergolis" - Rovinj (Casa per anziani e disabili "Domenico Pergolis" - Rovigno)', 'Carducci 18
52210 Rovinj', '052/845-000 ');
INSERT INTO Institution( type, county, name, address, phone) VALUES( '469', 'IZ', 'Dom za starije i nemoćne osobe “Alfredo Štiglić” - Pula', 'Miroslava Krleže 33
52000 Pula', '052/392-448  ');
INSERT INTO Institution( type, county, name, address, phone) VALUES( '469', 'KZ', 'Dom za starije i nemoćne osobe - Sveti Antun - Karlovac', 'Kukuljevićeva 2
47000 Karlovac', '047/542-700 ');
INSERT INTO Institution( type, county, name, address, phone) VALUES( '469', 'KKZ', 'Dom za starije i nemoćne osobe - Koprivnica', 'Trg E. Kumičića 17
43300 Koprivnica', '048/250-200 ');
INSERT INTO Institution( type, county, name, address, phone) VALUES( '469', 'LSZ', 'Dom za starije i nemoćne osobe - Gospić', 'Lavoslava Vukelića
46148 Gospić', '053/572-813 ');
INSERT INTO Institution( type, county, name, address, phone) VALUES( '469', 'LSZ', 'Dom za starije i nemoćne osobe - Udbina', 'Krbavska 1
53234 Udbina', '053/778-272  ');
INSERT INTO Institution( type, county, name, address, phone) VALUES( '469', 'MZ', 'Dom za starije i nemoćne osobe - Čakovec', 'Matice Hrvatske 1
40000 Čakovec', '040/370-333 ');
INSERT INTO Institution( type, county, name, address, phone) VALUES( '469', 'OBZ', 'Dom za starije i nemoćne osobe - Beli Manastir', 'Bana Jelačića 108
31300 Beli Manastir', '031/702-110 ');
INSERT INTO Institution( type, county, name, address, phone) VALUES( '469', 'OBZ', 'Dom za starije i nemoćne osobe - Đakovo', 'P. Preradovića 2a
21400 Đakovo', '031/811-392 ');
INSERT INTO Institution( type, county, name, address, phone) VALUES( '469', 'OBZ', 'Dom za starije i nemoćne osobe - Osijek', 'Drinska 10
31000 Osijek', '031/275-455 ');
INSERT INTO Institution( type, county, name, address, phone) VALUES( '469', 'PSZ', 'Dom za starije i nemoćne osobe - Požega', 'Istarska bb
34000 Požega', '034/271-311 ');
INSERT INTO Institution( type, county, name, address, phone) VALUES( '469', 'PSZ', 'Dom za starije i nemoćne osobe - Velika', 'Luke Ibrišimovića 7
34330 Velika', '034/233-085  ');
INSERT INTO Institution( type, county, name, address, phone) VALUES( '469', 'PGZ', 'Dom za starije i nemoćne osobe "Kantrida" - Rijeka', 'Đ. Catti 6
51000 Rijeka', '051/612-100 ');
INSERT INTO Institution( type, county, name, address, phone) VALUES( '469', 'PGZ', 'Dom za starije i nemoćne osobe "Mali Karatec" - Krk', 'Ul. L. Bolmarčića 1
51500 Krk', '051/221-934 ');
INSERT INTO Institution( type, county, name, address, phone) VALUES( '469', 'PGZ', 'Dom za starije i nemoćne osobe "Volosko" - Opatija', 'Ul. M. Tita 34
51410 Opatija', '051/701-013 ');
INSERT INTO Institution( type, county, name, address, phone) VALUES( '469', 'PGZ', 'Dom za starije i nemoćne osobe “Marko A. Stuparić” - Veli Lošinj', 'V. Nazora 40
51551 Veli Lošinj', '051/236-230  ');
INSERT INTO Institution( type, county, name, address, phone) VALUES( '469', 'SMZ', 'Dom za starije i nemoćne osobe - Petrinja', 'Trg narodnih učitelja 7,
44 250 Petrinja', '044/525-525 ');
INSERT INTO Institution( type, county, name, address, phone) VALUES( '469', 'SMZ', 'Dom za starije i nemoćne osobe - Sisak', 'Oktavijana Augusta 3
44000 Sisak', ' ');
INSERT INTO Institution( type, county, name, address, phone) VALUES( '469', 'SDZ', 'Dom za starije i nemoćne osobe - Makarska', 'Kalalarga 31
21300 Makarska', '021/615-355 ');
INSERT INTO Institution( type, county, name, address, phone) VALUES( '469', 'SDZ', 'Podružnica Runovići - Imotski', 'Runovići', '021/849-097');
INSERT INTO Institution( type, county, name, address, phone) VALUES( '469', 'SDZ', 'Dom za starije i nemoćne osobe - Split', 'Ivana pl. Zajca 2
21000 Split', '021/401-888  ');
INSERT INTO Institution( type, county, name, address, phone) VALUES( '469', 'SDZ', 'Dom za starije i nemoćne osobe "Lovret"', 'Starčevićeva 19
21000 Split', '021/329-200');
INSERT INTO Institution( type, county, name, address, phone) VALUES( '469', 'SDZ', 'Dom za starije i nemoćne osobe - Vis', 'S.  S. Kranjčevića 4
21480 Vis', '021/711-113  ');
INSERT INTO Institution( type, county, name, address, phone) VALUES( '469', 'SKZ', 'Dom za starije i nemoćne osobe - Knin', 'Kneza Domagoja 5
Knin', '022/660-994 ');
INSERT INTO Institution( type, county, name, address, phone) VALUES( '469', 'SKZ', 'Dom za starije i nemoćne osobe "Cvjetni dom" - Šibenik', 'Njegošev trg 2F
22000 Šibenik', '022/3118-888  ');
INSERT INTO Institution( type, county, name, address, phone) VALUES( '469', 'VZ', 'Dom za starije i nemoćne osobe - Varaždin', 'Zavojna 6
42000 Varaždin', '042/407-100  ');
INSERT INTO Institution( type, county, name, address, phone) VALUES( '469', 'VSZ', 'Dom za starije i nemoćne osobe - Vinkovci', 'N. Tesle 43
32100 Vinkovci', '032/369-884  ');
INSERT INTO Institution( type, county, name, address, phone) VALUES( '469', 'VSZ', 'Dom za starije i nemoćne osobe - Vukovar', 'Naštar
V. Lisinskog 1', '032/387-040  ');
INSERT INTO Institution( type, county, name, address, phone) VALUES( '469', 'ZDZ', 'Dom za starije i nemoćne osobe - Zadar', 'Kneza Trpimira 21
23000 Zadar', '023/332-033  ');
INSERT INTO Institution( type, county, name, address, phone) VALUES( '470', 'BBZ', 'Dom za starije i nemoćne osobe "Moj Mir" - Bjelovar', 'M. Šuffaya 25
43000 Bjelovar', '043-247-976 ');
INSERT INTO Institution( type, county, name, address, phone) VALUES( '470', 'BPZ', 'Dom socijalne skrbi za starije i nemoćne "Gostinac" - Rešetari', 'Kralja Tomislava bb
35403 Rešetari', '035/367-785 ');
INSERT INTO Institution( type, county, name, address, phone) VALUES( '470', 'GZG', 'Dom  za starije i nemoćne osobe "Park" - Zagreb', 'Ivanićgradska 52
10 000 Zagreb', '01/2333-422 ');
INSERT INTO Institution( type, county, name, address, phone) VALUES( '470', 'GZG', 'Dom za starije i nemoćne "Bene Vita" - Zagreb', 'Gornji Bukovac 19/D
10 000 Zagreb', '01/234-1922 ');
INSERT INTO Institution( type, county, name, address, phone) VALUES( '470', 'GZG', 'Dom za starije i nemoćne "Jurakić" - Zagreb', 'Žitnjak 67
10 000 Zagreb', '01/2408-536 ');
INSERT INTO Institution( type, county, name, address, phone) VALUES( '470', 'GZG', 'Dom za starije i nemoćne "Novak" - Zagreb', 'Sunčana 14
Granešina
10 000 Zagreb', '01/298-4173 ');
INSERT INTO Institution( type, county, name, address, phone) VALUES( '470', 'GZG', 'Dom za starije i nemoćne "Pejaković" - Zagreb', 'I. Petruševec 24/c
10 000 Zagreb', '01/237-1558 ');
INSERT INTO Institution( type, county, name, address, phone) VALUES( '470', 'GZG', 'Dom za starije i nemoćne "Trag-plus" - Zagreb', 'Osekovska 18
10 000 Zagreb', '01/2311-475 ');
INSERT INTO Institution( type, county, name, address, phone) VALUES( '470', 'GZG', 'Dom za starije i nemoćne osobe "Av-Vitalis" - Zagreb', 'Vogelska 18
10 000 Zagreb', '01/3466-280 ');
INSERT INTO Institution( type, county, name, address, phone) VALUES( '470', 'GZG', 'Dom za starije i nemoćne osobe "Branovečina" - Zagreb', 'Branovečina 17
10 000 Zagreb', '01/2983-416 ');
INSERT INTO Institution( type, county, name, address, phone) VALUES( '470', 'GZG', 'Dom za starije i nemoćne osobe "Dom Marijan" - Sesvete', 'Žerjavinečka 13
10360 Sesvete', '01/2013-567 ');
INSERT INTO Institution( type, county, name, address, phone) VALUES( '470', 'GZG', 'Dom za starije i nemoćne osobe "Godan" - Zagreb', 'Sermageova 16
10 000 Zagreb', '01/2335-013; 098/723-994 ');
INSERT INTO Institution( type, county, name, address, phone) VALUES( '470', 'GZG', 'dislocirani objekt', 'Srebrnjak 90a
10 000 Zagreb', '2430-982');
INSERT INTO Institution( type, county, name, address, phone) VALUES( '470', 'GZG', 'Dom za starije i nemoćne osobe "Gornji Grad" - Zagreb', 'Šublinov brijeg 20b
10 000 Zagreb', '01/4851-422 ');
INSERT INTO Institution( type, county, name, address, phone) VALUES( '470', 'GZG', 'Dom za starije i nemoćne osobe "Ivana" - Dubrava', 'Trg slobode 10
10342 Dubrava', '01/2726-454 ');
INSERT INTO Institution( type, county, name, address, phone) VALUES( '470', 'GZG', 'Dom za starije i nemoćne osobe "Kuća sv. Franje" - Odra', 'Sv. Izidora 5
10 000 Odra', '01/6269-300 ');
INSERT INTO Institution( type, county, name, address, phone) VALUES( '470', 'GZG', 'Dom za starije i nemoćne osobe "Stara Vlaška" - Zagreb', 'Vlaška 17
10 000 Zagreb', '01/4818-141 ');
INSERT INTO Institution( type, county, name, address, phone) VALUES( '470', 'GZG', 'Dom za starije i nemoćne osobe "Tolić" - Zagreb', 'Ježdovečka 108/E
10 000 Zagreb', '01/6526-698 ');
INSERT INTO Institution( type, county, name, address, phone) VALUES( '470', 'GZG', 'Dom zaklade Lavoslava Schwarza - Zagreb', 'Bukovačka 55
10 000 Zagreb', '01/2421-544 ');
INSERT INTO Institution( type, county, name, address, phone) VALUES( '470', 'KZ', 'Dom za starije i nemoćne “Biskup Srećko Badurina” - Ogulin', 'Bolnička 38
47300 Ogulin', '047/531-752 ');
INSERT INTO Institution( type, county, name, address, phone) VALUES( '470', 'KZ', 'Dom za starije i nemoćne osobe "Viktorovski" - Ozalj', 'Vivodina 2/b
47280 Ozalj', '047-753-141 ');
INSERT INTO Institution( type, county, name, address, phone) VALUES( '470', 'KKZ', '"Ruklin d.o.o" - Križevci', 'Čabraji 36
48260 Križevci', '048/697-050 ');
INSERT INTO Institution( type, county, name, address, phone) VALUES( '470', 'KKZ', 'Dom za starije i nemoćne osobe "Dom sestre Jadranke" - Kloštar Vojakovački', 'Čabraji 36
48264 Kloštar Vojakovački', ' ');
INSERT INTO Institution( type, county, name, address, phone) VALUES( '470', 'KZZ', 'Dom za smještaj starijih i nemoćnih osoba "Rezidencija Kastelan" - Tuheljske toplice', 'Bolnička 2
Tuheljske toplice', '049/557-666 ');
INSERT INTO Institution( type, county, name, address, phone) VALUES( '470', 'KZZ', 'Dom za starije i nemoćne osobe "Sveti Nikola" - Krapina', 'Magistratska 10
49000 Krapina', '049-371-580 ');
INSERT INTO Institution( type, county, name, address, phone) VALUES( '470', 'KZZ', 'Ustanova "PIintar" – dom za starije i nemoćne osobe - Stubičke Toplice', 'Zagrebačka 7
49244 Stubičke Toplice', '049-282-069 ');
INSERT INTO Institution( type, county, name, address, phone) VALUES( '470', 'LSZ', 'Dom za starije i nemoćne "Otočac" - Otočac', 'V. Nazora 14
53220 Otočac', '053/746-159 ');
INSERT INTO Institution( type, county, name, address, phone) VALUES( '470', 'MZ', 'Centar za pomoć i njegu "Mesmar" - Prelog', 'D. Domjanića 21
40323 Prelog', '040/646-788 ');
INSERT INTO Institution( type, county, name, address, phone) VALUES( '470', 'MZ', 'Dom umirovljenika "Ščavničar" - Selnica', 'Jelačićev trg 5
40314 Selnica', '040/861-157 ');
INSERT INTO Institution( type, county, name, address, phone) VALUES( '470', 'MZ', 'Dom za starije i nemoćne osobe "Hodošan"', 'Čakovečka 6
40320 Donji Kraljevec', '040-679-368 ');
INSERT INTO Institution( type, county, name, address, phone) VALUES( '470', 'MZ', 'Dom za starije i nemoćne osobe "Kotoriba" - Kotoriba', 'Kolodvorska 16
40329 Kotoriba', '040/682-806 ');
INSERT INTO Institution( type, county, name, address, phone) VALUES( '470', 'MZ', 'Dom za starije i nemoćne osobe "Slakovec" - Nedelišće', 'Slakovec 70
40305 Nedelišće', '040/829-181 ');
INSERT INTO Institution( type, county, name, address, phone) VALUES( '470', 'MZ', 'Dom za starije i nemoćne osobe "Stubičar" - Mursko Središće', 'Kolodvorska 32
40315 Mursko Središće', '040-543-511 ');
INSERT INTO Institution( type, county, name, address, phone) VALUES( '470', 'OBZ', '"PREHRANA Društvo za ugostiteljstvo i usluge prehrane d.o.o." - Osijek', 'Zapadno predgrađe 18
31000 Osijek', ' ');
INSERT INTO Institution( type, county, name, address, phone) VALUES( '470', 'OBZ', 'Dom za starije i nemoćne "Julije" - Osijek', 'P. Pejačevića 15
31000 Osijek', '031-369-064 ');
INSERT INTO Institution( type, county, name, address, phone) VALUES( '470', 'OBZ', 'Dom za starije i nemoćne osobe "Moj dom Majdenić" - Donji Miholjac', 'Majur 8
31540 Donji Miholjac', '031-630-720 ');
INSERT INTO Institution( type, county, name, address, phone) VALUES( '470', 'PSZ', '“MIMI” d.o.o. - Lipik', 'Trg kralja Tomislava 10
34551 Lipik', '034/422-178 ');
INSERT INTO Institution( type, county, name, address, phone) VALUES( '470', 'PSZ', 'Dom socijalne skrbi za starije i nemoćne "Marino selo" - Poljana', 'Marino selo 41
34543 Poljana', '034/431-156 ');
INSERT INTO Institution( type, county, name, address, phone) VALUES( '470', 'PSZ', 'Dom za starije i nemoćne "Anđelak" - Lipik', 'Jadranska 39
34551 Lipik', '034-422-057 ');
INSERT INTO Institution( type, county, name, address, phone) VALUES( '470', 'PSZ', 'Dom za starije i nemoćne osobe "Baketarić" - Pleternica', 'Resnik 7A
34310 Pleternica', '034/268-052 ');
INSERT INTO Institution( type, county, name, address, phone) VALUES( '470', 'PGZ', 'Dom za smještaj starijih i nemoćnih "Barbara Kolarek" - Malinska', 'Samoborska 3
Malinska', '051/859-295 ');
INSERT INTO Institution( type, county, name, address, phone) VALUES( '470', 'PGZ', 'Dom za starije i nemoćne "Kuća Sunca" - Kornić, Krk', 'Ledine 27
51517 Kornić, Krk', '051-851-242 ');
INSERT INTO Institution( type, county, name, address, phone) VALUES( '470', 'PGZ', 'Dom za starije i nemoćne "Vedri dani" - Lokve', 'Sleme bb
51316 Lokve', '051-508-088 ');
INSERT INTO Institution( type, county, name, address, phone) VALUES( '470', 'PGZ', 'Dom za starije i nemoćne osobe "Nina i Zoran Buškulić" - Čavle', 'Buzdohanj 107
51219 Čavle', '051-250-287 ');
INSERT INTO Institution( type, county, name, address, phone) VALUES( '470', 'PGZ', 'Dom za starije i nemoćne osobe "Villa Aurelia" - Krk', 'Skrbčići 1b
51500 Krk', '051/863-134 ');
INSERT INTO Institution( type, county, name, address, phone) VALUES( '470', 'PGZ', 'Psihijatrijska bolnica "Lopača" - Lopača', 'Lopača 11
51218 Lopača', '051/230-043 ');
INSERT INTO Institution( type, county, name, address, phone) VALUES( '470', 'SMZ', '"Weilguni-Lepesić d.o.o." - Sisak', 'Tišina Kaptolska bb
44000 Sisak', ' ');
INSERT INTO Institution( type, county, name, address, phone) VALUES( '470', 'SMZ', 'Dom za starije i nemoćne "Zlatne godine" - Kutina', 'A.G. Matoša 44
44320 Kutina', '044-631-796 ');
INSERT INTO Institution( type, county, name, address, phone) VALUES( '470', 'SMZ', 'Dom za starije i nemoćne osobe "Zeleni brijeg" - Sisak', 'Nadbiskupa Posilovića 36
44000 Sisak', '044/573-335 ');
INSERT INTO Institution( type, county, name, address, phone) VALUES( '470', 'SDZ', '"Dom Vita D.o.o." - Strožanac Split', 'Pavićeva 12
21000 Strožanac, Split', '021/333-571 ');
INSERT INTO Institution( type, county, name, address, phone) VALUES( '470', 'SDZ', 'Dom socijalne skrbi “Don Drago Bosiljevac” - Supetar', 'Ul. Ive Vojnovića 14
21400 Supetar', '021/631-420 ');
INSERT INTO Institution( type, county, name, address, phone) VALUES( '470', 'SDZ', 'Dom za starije i nemoćne "Arkus" - Sutina Neorić', 'Sutina
21247 Neorić', '021-660-860 ');
INSERT INTO Institution( type, county, name, address, phone) VALUES( '470', 'SDZ', 'Dom za starije i nemoćne "Car Bonum" - Podstrana Split', 'Mutogras 16
21000 Podstrana Split', '021/330-137 ');
INSERT INTO Institution( type, county, name, address, phone) VALUES( '470', 'SDZ', 'Dom za starije i nemoćne osobe "Cor Meridianum" - Podstrana Split', 'Mutogras 71
21000 Podstrana Split', '021-333-026 ');
INSERT INTO Institution( type, county, name, address, phone) VALUES( '470', 'SDZ', 'Dom za starije i nemoćne osobe "Dom Vita" - Podstrana Split', 'Pavićeva 1
Strožanac
21000 Podstrana Split', '021-333-571 ');
INSERT INTO Institution( type, county, name, address, phone) VALUES( '470', 'SDZ', 'Ustanova "Tihi dom"– dom za starije i nemoćne osobe - Trogir', 'Kneza Domagoja 9/A
21220 Trogir', '021-884-271 ');
INSERT INTO Institution( type, county, name, address, phone) VALUES( '470', 'SDZ', 'Ustanova "Treća dob" - Okrug Gornji', 'A. Starčevića 26
21223 Okrug Gornji', '021-886-408 ');
INSERT INTO Institution( type, county, name, address, phone) VALUES( '470', 'SKZ', 'Dom za starije i nemoćne "Vodice" - Vodice', 'Šime Bilan Šijca 14
22211 Vodice', '022/441-191 ');
INSERT INTO Institution( type, county, name, address, phone) VALUES( '470', 'VZ', 'Caritasov dom za starije i nemoćne osobe "Sv. Ivan Krstitelj" - Ivanec', 'Kukuljevićeva 8
42240 Ivanec', '042/770-670 ');
INSERT INTO Institution( type, county, name, address, phone) VALUES( '470', 'VZ', 'Dom socijalne skrbi za starije i nemoćne osobe - Varaždin', 'Zinke Kunc 47
42000 Varaždin', '042/260-444 ');
INSERT INTO Institution( type, county, name, address, phone) VALUES( '470', 'VZ', 'Podružnica Pribić', 'Crkvena 21', '6270-490');
INSERT INTO Institution( type, county, name, address, phone) VALUES( '470', 'VZ', 'Dom za starije i nemoćne osobe ''Sv. Ana''', 'Varaždinska 1
42208 Babinec', '042/725-122 ');
INSERT INTO Institution( type, county, name, address, phone) VALUES( '470', 'VZ', 'Dom za starije i nemoćne osobe "Novi život"', 'Radovec, Varaždinska 4,
42208 Cestica', ' ');
INSERT INTO Institution( type, county, name, address, phone) VALUES( '470', 'VPZ', 'Dom za starije i nemoćne "Vedrana" - Pitomača', 'M. P. Miškine 2
33405 Pitomača', '033-782-758 ');
INSERT INTO Institution( type, county, name, address, phone) VALUES( '470', 'VSZ', 'Dom za starije i nemoćne osobe Ilok', 'Naselje Sofija bb
32236 Ilok', '032/592-700 ');
INSERT INTO Institution( type, county, name, address, phone) VALUES( '470', 'ZDZ', 'Dom za starije i nemoćne osobe "Sveti Mihovil" - Gračac', 'Obrovačka bb
23440 Gračac', ' ');
INSERT INTO Institution( type, county, name, address, phone) VALUES( '470', 'ZGZ', 'Dom za smještaj starijih i nemoćnih “Mala Mlaka” - Mala Mlaka - Zagreb', 'Malomlačka 136
Mala Mlaka 
10 000 Zagreb', '01/6261-886; 098/253-103 ');
INSERT INTO Institution( type, county, name, address, phone) VALUES( '470', 'ZGZ', 'Dom za stare i nemoćne "Sv. Kamila de Lellisa" - Vrbovec', 'Kolodvorska bb
10340 Vrbovec', '01/2793-401 ');
INSERT INTO Institution( type, county, name, address, phone) VALUES( '470', 'ZGZ', 'Dom za stare i nemoćne osobe "Vrhovnik" - Dugo Selo', 'B. Huzanića 55
10370 Dugo Selo', '01/2750-506 ');
INSERT INTO Institution( type, county, name, address, phone) VALUES( '470', 'ZGZ', 'Dom za starije i nemoćne "Sesvetski dom" - Sesvete', 'Brestovečka 130
10360 Sesvete', '01/2006-833 ');
INSERT INTO Institution( type, county, name, address, phone) VALUES( '470', 'ZGZ', 'Dom za starije i nemoćne "Sveta Katarina" - Sesvete', 'Rugrica, Okunšćak,
Rugvička cesta 77
10360 Sesvete', '01/2760-535 ');
INSERT INTO Institution( type, county, name, address, phone) VALUES( '470', 'ZGZ', 'Dom za starije i nemoćne osobe "Ljubav" - Velika Gorica', 'Mladena Kerstnera 24
10410 Velika Gorica', '01/6213-131 ');
INSERT INTO Institution( type, county, name, address, phone) VALUES( '470', 'ZGZ', 'Dom za starije i nemoćne osobe "Sestre Mace" - Donja Pušča', 'Pojatno
Jurjevska 27,
10294 D. Pušća', '01/3315-651 ');
INSERT INTO Institution( type, county, name, address, phone) VALUES( '471', 'BBZ', 'Dom za psihički bolesne odrasle osobe - Bjelovar', 'F. Bulića bb
43000 Bjelovar', '043/220-260 ');
INSERT INTO Institution( type, county, name, address, phone) VALUES( '471', 'DNZ', 'Dom za psihički bolesne odrasle osobe - Blato', 'Ul. 32 br. 49
20271 Blato, Korčula', '020/852-648 ');
INSERT INTO Institution( type, county, name, address, phone) VALUES( '471', 'GZG', 'Dom za psihički bolesne odrasle osobe - Zagreb', 'Šestinski dol 53
Zagreb', '01/3770-545 ');
INSERT INTO Institution( type, county, name, address, phone) VALUES( '471', 'GZG', 'Radna jedinica Mirkovec - Začretje', '41223 Začretje', '049/227-986');
INSERT INTO Institution( type, county, name, address, phone) VALUES( '471', 'IZ', 'Dom za psihički bolesne odrasle osobe "Sv. Nedelja” - Nedešćina', 'Nedešćina 41
52231 Nedešćina', '052/865-034 ');
INSERT INTO Institution( type, county, name, address, phone) VALUES( '471', 'IZ', 'Dom za psihički bolesne odrasle osobe "Vila Maria" Pula', 'Gupčeva 2
52000 Pula', '052/389-024 ');
INSERT INTO Institution( type, county, name, address, phone) VALUES( '471', 'IZ', 'Dom za psihički bolesne odrasle osobe Motovun', 'Brkač 28
52424 Motovun', '052 / 60 10 00 ');
INSERT INTO Institution( type, county, name, address, phone) VALUES( '471', 'KZZ', 'Dom za psihički bolesne odrasle osobe "Bidružica" - Desinić', 'Ivanić Desinićki 30
41216 Desinić', '049/383-750 ');
INSERT INTO Institution( type, county, name, address, phone) VALUES( '471', 'KZZ', 'Dom za psihički bolesne odrasle osobe "Lobor-Grad" - Lobor', 'Markušbrijeg 131
41253 Lobor', '049/430-015 ');
INSERT INTO Institution( type, county, name, address, phone) VALUES( '471', 'MZ', 'Dom za psihički bolesne odrasle osobe "Orehovica" - Orehovica', 'A. Šenoe 2
40322 Orehovica', '040/635-305 ');
INSERT INTO Institution( type, county, name, address, phone) VALUES( '471', 'OBZ', 'Dom za psihički bolesne odrasle osobe "Osijek" - Osijek', 'M. Divalta 2
31000 Osijek', '031/570-012 ');
INSERT INTO Institution( type, county, name, address, phone) VALUES( '471', 'PSZ', 'Dom za psihički bolesne odrasle osobe "Ljeskovica" - Čaglin', 'Nova Ljeskovica 41
34350 Čaglin', '034/270-341 ');
INSERT INTO Institution( type, county, name, address, phone) VALUES( '471', 'PGZ', 'Dom za psihički bolesne odrasle osobe “Turnić” - Rijeka', 'Giusseppe Carabino 6
51000 Rijeka', '051/641-210 ');
INSERT INTO Institution( type, county, name, address, phone) VALUES( '471', 'PGZ', 'Podružnica "Radočaj" - Brod na Kupi', 'Brod na Kupi 27
Brod na Kupi', '051/837-365');
INSERT INTO Institution( type, county, name, address, phone) VALUES( '471', 'SDZ', 'Dom za psihički bolesne odrasle osobe "Trogir" - Trogir', 'Tina Ujevića 21
21220 Trogir', '021/881-522 ');
INSERT INTO Institution( type, county, name, address, phone) VALUES( '471', 'VZ', 'Dom za psihički bolesne odrasle osobe "Jalžabet" - Jalžabet', 'Kolodvorska 1
42203 Jalžabet', '042/215-670 ');
INSERT INTO Institution( type, county, name, address, phone) VALUES( '471', 'VPZ', 'Dom za psihički bolesne odrasle osobe "Borova" - Suhopolje', 'Stjepana Radića 9A
43410 Suhopolje', '033/770-018 ');
INSERT INTO Institution( type, county, name, address, phone) VALUES( '471', 'VSZ', 'Dom za psihički bolesne odrasle osobe "Nuštar" - Nuštar', 'V. Lisinskog bb
Nuštar', '032/387-040 ');
INSERT INTO Institution( type, county, name, address, phone) VALUES( '471', 'ZDZ', 'Dom za psihički bolesne odrasle osobe - Zadar', 'Fra Donata Fabijanića 6
23000 Zadar', '023/2504-65 ');
INSERT INTO Institution( type, county, name, address, phone) VALUES( '471', 'ZDZ', 'Dom za psihički bolesne odrasle osobe Zemunik', '23222 Zemunik donji', '023/351-700 ');
INSERT INTO Institution( type, county, name, address, phone) VALUES( '474', 'KKZ', 'Dom za psihički bolesne odrasle osobe "Poljak" - Koprivnica', 'Kraljice Jelene 25
48000 Koprivnica', '048/621-142 ');
INSERT INTO Institution( type, county, name, address, phone) VALUES( '474', 'KKZ', 'Dom za psihički bolesne osobe Vizjak - Koprivnica', 'Gajeva 17
48000 Koprivnica', '048/221-951 ');
INSERT INTO Institution( type, county, name, address, phone) VALUES( '474', 'OBZ', 'Dom za psihički bolesne odrasle osobe - Breznica Đakovačka', 'Glavna bb, ZP 31416 Levanska varoš
Đakovačka Breznica', '031/864-356 ');
INSERT INTO Institution( type, county, name, address, phone) VALUES( '474', 'VZ', 'Dom za psihički bolesne odrasle osobe Bistričak - Jalžabet', 'Varaždinska 84
Jalžabet 42403', '042/647-505 ');
INSERT INTO Institution( type, county, name, address, phone) VALUES( '475', 'BBZ', 'Centar za odgoj i obrazovanje Rudolf Steiner - Daruvar', 'Masarykova 85
43500 Daruvar', '043/333-544 ');
INSERT INTO Institution( type, county, name, address, phone) VALUES( '475', 'DNZ', 'Centar za rehabilitaciju Josipovac', 'Na rijeci 13a
20207 Mlini', '020/312-221 ');
INSERT INTO Institution( type, county, name, address, phone) VALUES( '475', 'DNZ', 'Dom za starije i nemoćne osobe i tjelesno ili mentalno oštećene osobe - Metković', 'Ante Starčevića 25
20350 Metković', '020/696-403 ');
INSERT INTO Institution( type, county, name, address, phone) VALUES( '475', 'GZG', 'Centar za odgoj i obrazovanje "Slava Raškaj" - Zagreb', 'Nazorova 47
10000 Zagreb', '01/4821-201 ');
INSERT INTO Institution( type, county, name, address, phone) VALUES( '475', 'GZG', 'CZOO "Slava Raškaj" - podružnica Ilica', '', '01/3772-658');
INSERT INTO Institution( type, county, name, address, phone) VALUES( '475', 'GZG', 'Centar za odgoj i obrazovanje "Vinko Bek" - Zagreb', 'Kušlanova 59a
10000 Zagreb', '01/2382-218 ');
INSERT INTO Institution( type, county, name, address, phone) VALUES( '475', 'GZG', 'CZOO "Vinko Bek" - podružnica Nazorova', 'Nazorova 51
10000 Zagreb', '01/4821-660');
INSERT INTO Institution( type, county, name, address, phone) VALUES( '475', 'GZG', 'Centar za odgoj i obrazovanje Dubrava', 'Prilaz  T. Špoljara 2
10000 Zagreb', '01/2911-665 ');
INSERT INTO Institution( type, county, name, address, phone) VALUES( '475', 'GZG', 'Centar za odgoj i obrazovanje Prekrižje - Zagreb', 'Gornje Prekrižje 48
10000 Zagreb', '01/4673-844 ');
INSERT INTO Institution( type, county, name, address, phone) VALUES( '475', 'GZG', 'Centar za rehabilitaciju Silver', 'Stefanovec 34
10000 Zgreb', '01/2394-450 ');
INSERT INTO Institution( type, county, name, address, phone) VALUES( '475', 'GZG', 'Centar za rehabilitaciju Zagreb', 'Orlovac 2
10000 Zagreb', '01/4673-255 ');
INSERT INTO Institution( type, county, name, address, phone) VALUES( '475', 'GZG', 'CZR Zagreb - podružnica Sloboština', 'Sloboština bb
10000 Zagreb', '01/6640-167');
INSERT INTO Institution( type, county, name, address, phone) VALUES( '475', 'GZG', 'CZR Zagreb - podružnica Paunovac', 'Paunovac 7
10000 Zagreb', '01/4834-381');
INSERT INTO Institution( type, county, name, address, phone) VALUES( '475', 'GZG', 'CZR Zagreb - podružnica Ilica', 'Ilica 83
10000 Zagreb', '01/3772-530');
INSERT INTO Institution( type, county, name, address, phone) VALUES( '475', 'GZG', 'Dom za djecu i mladež Tuškanac', 'Tuškanac 15
10000 Zagreb', '01/4834-384 ');
INSERT INTO Institution( type, county, name, address, phone) VALUES( '475', 'IZ', 'Centar za rehabilitaciju Pula', 'Santoriova 11
52100 Pula', '052/543-305 ');
INSERT INTO Institution( type, county, name, address, phone) VALUES( '475', 'IZ', 'CZRA - podružnica Dnevni Centar - Vodnjan', 'Fažanska Cesta 7
52215 Vodnjan', '052/543-305');
INSERT INTO Institution( type, county, name, address, phone) VALUES( '475', 'KZ', 'Centar za rehabilitaciju Ozalj', 'Jaškovo bb
47281 Mali Erjavec', '047/751-181 ');
INSERT INTO Institution( type, county, name, address, phone) VALUES( '475', 'KZ', 'CZR Ozalj - Podružnica Zorkovac', 'Trešćerovac 15
47280 Ozalj', '047/731-203');
INSERT INTO Institution( type, county, name, address, phone) VALUES( '475', 'KZZ', 'Centar za odgoj i obrazovanje Zajezda - Budinščina', 'Zajezda 31
49284 Budinščina', '049/459-002 ');
INSERT INTO Institution( type, county, name, address, phone) VALUES( '475', 'PGZ', 'Centar za rehabilitaciju Rijeka', 'Kozala 77b
51000 Rijeka', '051/506-360 ');
INSERT INTO Institution( type, county, name, address, phone) VALUES( '475', 'PGZ', 'Dnevni centar za rehabilitaciju "Slava Raškaj" - Rijeka', 'Mire Radune Ban 14
51000 Rijeka', '051/677-127 ');
INSERT INTO Institution( type, county, name, address, phone) VALUES( '475', 'PGZ', 'Dom za djecu i mladež - Kraljevica - Oštro', 'Šetalište Vladimira Nazora 14
51262 Kraljevica - Oštro', '051/281-313 ');
INSERT INTO Institution( type, county, name, address, phone) VALUES( '475', 'SMZ', 'Centar za rehabilitaciju Komarevo', 'Komarevo gornje bb
44211 Bilinjski Kut', '044/719-114 ');
INSERT INTO Institution( type, county, name, address, phone) VALUES( '475', 'SDZ', 'Centar za odgoj i obrazovanje "Juraj Bonači" - Split', 'Bruna Bušića 30
21000 Split', '021/530-663 ');
INSERT INTO Institution( type, county, name, address, phone) VALUES( '475', 'SDZ', 'Centar za odgoj i obrazovanje "Slava Raškaj" - Split', 'Radnička Br.2
21000 Split', '021/541-670 ');
INSERT INTO Institution( type, county, name, address, phone) VALUES( '475', 'SDZ', 'Centar za rehabilitaciju "Fra Ante Sekelez" - Vrlika', 'Ulica  30. Svibnja 16
21236 Vrlika', '021/827-048 ');
INSERT INTO Institution( type, county, name, address, phone) VALUES( '475', 'SDZ', 'Centar za rehabilitaciju "Mir" - Kašetel Novi, Rudine', 'Rudine bb
21216 Kaštel Novi', '021/798-380 ');
INSERT INTO Institution( type, county, name, address, phone) VALUES( '475', 'SDZ', 'Centar za rehabilitaciju Samaritanac - Split', 'Ćiril-Metodova 14a
21000 Split', '021/487-171 ');
INSERT INTO Institution( type, county, name, address, phone) VALUES( '475', 'SKZ', 'Centar za odgoj i obrazovanje "Šubićevac" - Šibenik', 'Bana J. Jelačića 4
22000 Šibenik', '022/219-711 ');
INSERT INTO Institution( type, county, name, address, phone) VALUES( '475', 'SKZ', 'CZOO - Podružnica Bratski Dolac', '', '022/78-015');
INSERT INTO Institution( type, county, name, address, phone) VALUES( '475', 'VSZ', 'Centar za rehabilitaciju "Mala Terezija" - Vinkovci', 'V. Gortana 16
32 000 Vinkovci', '032/337-760 ');
INSERT INTO Institution( type, county, name, address, phone) VALUES( '475', 'ZDZ', 'Centar za rehabilitaciju Sv. Filip i Jakov', 'Put Primorja  56
23207 Sveti Filip I Jakov', '023/388-622 ');
INSERT INTO Institution( type, county, name, address, phone) VALUES( '475', 'ZGZ', 'Centar za odgoj i obrazovanje Lug - Bregana', 'Kneza Zdeslava 2
Lug Samoborski
10432 Bregana', '01/3375-248 ');
INSERT INTO Institution( type, county, name, address, phone) VALUES( '475', 'ZGZ', 'Centar za odgoj i obrazovanje Velika Gorica', 'Zagrebačka 90
10410 Velika Gorica', '01/6221-433 ');
INSERT INTO Institution( type, county, name, address, phone) VALUES( '475', 'ZGZ', 'Centar za rehabilitaciju "Stančić" - Dugo Selo', 'Zagrebačka bb
10370 Dugo Selo', '01/2757-478 ');
INSERT INTO Institution( type, county, name, address, phone) VALUES( '476', 'BBZ', 'Društvo za pomoć mentalno retardiranim osobama Bjelovar', 'Gundulićeva 1,
43000 Bjelovar', '043/211-134 ');
INSERT INTO Institution( type, county, name, address, phone) VALUES( '476', 'BPZ', 'Tjedni smještaj Poliklinike Zlatni cekin', 'Vinogradska bb
35000 Slavonski Brod', '035/465-408 ');
INSERT INTO Institution( type, county, name, address, phone) VALUES( '476', 'DNZ', 'Centar za rehabilitaciju "Nada" - Metković', 'Športska bb
20350 Metković', '020/681-229 ');
INSERT INTO Institution( type, county, name, address, phone) VALUES( '476', 'GZG', '"Nova skrb" - Zagreb', 'Šamačka 5
10 000 Zagreb', '3665-973 ');
INSERT INTO Institution( type, county, name, address, phone) VALUES( '476', 'GZG', 'Dnevni centar za radnu terapiju i rehabilitaciju "Mala Kuća" - Zagreb', 'Njegoševa 3
10 000 Zagreb', '01/2302-004 ');
INSERT INTO Institution( type, county, name, address, phone) VALUES( '476', 'GZG', 'Dnevni centar za rehabilitaciju i radne aktivnosti "Ozana" - Zagreb', 'Ulica Grada Vukovara 239 
10 000 Zagreb', '01/6152-946 ');
INSERT INTO Institution( type, county, name, address, phone) VALUES( '476', 'GZG', 'Dom za samostalno stanovanje Zagreb', 'Bleiweissova 15 
10 000 Zagreb', '01/37 58 931 ');
INSERT INTO Institution( type, county, name, address, phone) VALUES( '476', 'GZG', 'Specijalna bolnica za zaštitu djece s neurorazvojnim i motoričkim smetnjama - Zagreb', 'Goljak 2
10 000 Zagreb', '01/4925-200 ');
INSERT INTO Institution( type, county, name, address, phone) VALUES( '476', 'GZG', 'Ustanova za rehabilitaciju hendikepiranih osoba profesionalnom rehabilitacijom i zapošljavanjem "Uriho" - Zagreb', 'Avenija Marina Držića 1
10 000 Zagreb', '01/618-4200 ');
INSERT INTO Institution( type, county, name, address, phone) VALUES( '476', 'IZ', 'Centar za rehabilitaciju ''Down syndrom Pula''', 'Gajeva 14, p.p. 80
52000 Pula', '052/224-204 ');
INSERT INTO Institution( type, county, name, address, phone) VALUES( '476', 'IZ', 'Dnevni centar za radnu terapiju i rehabilitaciju - Pula', 'Gajeva 3
52000 Pula', '052/505-597 ');
INSERT INTO Institution( type, county, name, address, phone) VALUES( '476', 'IZ', 'Dom za djecu, mladež i odrasle osobe s cerebralnom paralizom i drugim posebnim potrebama - Pula', 'Budicinova ulica 23
52 000 Pula', '052/223-594 ');
INSERT INTO Institution( type, county, name, address, phone) VALUES( '476', 'KZ', 'Centar za radnu terapiju i rehabilitaciju "Nada" - Karlovac', 'Gaza bb
47000 Karlovac', '047/613-960 (102) ');
INSERT INTO Institution( type, county, name, address, phone) VALUES( '476', 'KZZ', 'Specijalna bolnica za medicinsku rehabilitaciju - Krapinske Toplice', 'Gajeva 2
49217 Krapinske Toplice', '049/383-100 ');
INSERT INTO Institution( type, county, name, address, phone) VALUES( '476', 'MZ', 'Centar za odgoj i obrazovanje Čakovec', 'Ivana pl. Zajca 26
40 000 Čakovec', '040/328-004 ');
INSERT INTO Institution( type, county, name, address, phone) VALUES( '476', 'OBZ', 'Dom za samostalno stanovanje Osijek', 'Svete Ane 8
31000 Osijek', '031/37 43 99  ');
INSERT INTO Institution( type, county, name, address, phone) VALUES( '476', 'PGZ', 'Centar za rehabilitaciju Fortica - Kraljevica', 'Obala kralja Tomislava 1
51262 Kraljevica', '051/283-230 ');
INSERT INTO Institution( type, county, name, address, phone) VALUES( '476', 'SDZ', 'Dnevni centar za radnu terapiju i rehabilitaciju «Koračić» - Kaštel Štafilić', 'Nehajski put bb
Kaštel Štafilić,', '021/895-158 ');
INSERT INTO Institution( type, county, name, address, phone) VALUES( '476', 'SKZ', 'Centar za rehabilitaciju " Roman obitelj " - Skradin', 'Ulica Dobrote
Vulinovići 52, Bratiškovci
22 222 Skradin', '022/775-568 ');
INSERT INTO Institution( type, county, name, address, phone) VALUES( '476', 'SKZ', 'Udruga invalida "Sv. Bartolomej" - Knin', '4. gardijske brigade 3
22 300 Knin', '022/663-312 ');
INSERT INTO Institution( type, county, name, address, phone) VALUES( '476', 'VZ', 'Centar za odgoj i obrazovanje "Tomislav Špoljar" - Varaždin', 'Graberje 33
42000 Varaždin', '042/212-787 ');
INSERT INTO Institution( type, county, name, address, phone) VALUES( '476', 'VZ', 'Centar za radnu terapiju i rehabilitaciju - Varaždin', 'Zinke Kunc 47
42000 Varaždin', '042/260-444 ');
INSERT INTO Institution( type, county, name, address, phone) VALUES( '476', 'VZ', 'Podružnica Pustodol - Donja Stubica', 'Toplička bb
Donja Stubica', '049/286-100');
INSERT INTO Institution( type, county, name, address, phone) VALUES( '476', 'VZ', 'Udruga roditelja osoba s onesposobljenjima "Sunce" - Ludbreg', 'Vinogradska 1
42230 Ludbreg', '042/819-636 ');
INSERT INTO Institution( type, county, name, address, phone) VALUES( '476', 'ZDZ', 'Centar za rehabilitaciju "Sunce" - Zadar', 'Vukovarska 4c
23000 Zadar', '023/326-060 ');
INSERT INTO Institution( type, county, name, address, phone) VALUES( '476', 'ZGZ', 'Centar za radnu terapiju i rehabilitaciju "Sv. Vinko Paulski" - Oborovo', 'Oborovska 25
10372 Oborovo', '01/2761-343 ');
INSERT INTO Institution( type, county, name, address, phone) VALUES( '477', 'BPZ', 'Dom za djecu Slavonski Brod', 'Kumičićeva 37
35000 Slavonski Brod', '035/448-690 ');
INSERT INTO Institution( type, county, name, address, phone) VALUES( '477', 'DNZ', 'Dom za djecu "Maslina" - Dubrovnik', 'Vlahe Bukovca 5
20000 Dubrovnik', '020/416-704 ');
INSERT INTO Institution( type, county, name, address, phone) VALUES( '477', 'GZG', 'Dom za djecu Zagreb', 'Nazorova 49
10000 Zagreb', '01/4821-702 ');
INSERT INTO Institution( type, county, name, address, phone) VALUES( '477', 'GZG', 'Podružnica "Laduč"', 'Zagrebačka 106
Laduč', '01/3395-765');
INSERT INTO Institution( type, county, name, address, phone) VALUES( '477', 'GZG', 'Podružnica "A.G. Matoš"', 'Selska cesta 132
10000 Zagreb', '01/3695-482');
INSERT INTO Institution( type, county, name, address, phone) VALUES( '477', 'GZG', 'Podružnica "I.G. Kovačić"', 'I.G. Kovačića 23
10000 Zagreb', '01/4834-536');
INSERT INTO Institution( type, county, name, address, phone) VALUES( '477', 'GZG', 'Podružnica "Josipovac"', 'Nazorova 49
10000 Zagreb', '01/4823-920');
INSERT INTO Institution( type, county, name, address, phone) VALUES( '477', 'IZ', 'Dom za djecu "Pula" - Pula', 'Pino Budićin 17
52100 Pula', '052/211-192 ');
INSERT INTO Institution( type, county, name, address, phone) VALUES( '477', 'KZ', 'Dom za djecu "Vladimir Nazor" - Karlovac', 'Nazorova 10
47000 Karlovac', '047/617-031 ');
INSERT INTO Institution( type, county, name, address, phone) VALUES( '477', 'KKZ', 'Dom za djecu "Svitanje" - Koprivnica', 'Đure Basaričeka 13
48000 Koprivnica', '048/621-034 ');
INSERT INTO Institution( type, county, name, address, phone) VALUES( '477', 'OBZ', 'Dom za djecu "Klasje" - Osijek', 'Ružina 32
31000 Osijek', '031/373-688 ');
INSERT INTO Institution( type, county, name, address, phone) VALUES( '477', 'OBZ', 'Podružnica Zagrebačka', 'Zagrebačka 5
31000 Osijek', '031/208-401');
INSERT INTO Institution( type, county, name, address, phone) VALUES( '477', 'PSZ', 'Dom za djecu "Lipik" - Lipik', 'Matije Gupca 3
34551 Lipik', '034/421-115 ');
INSERT INTO Institution( type, county, name, address, phone) VALUES( '477', 'PGZ', 'Dom za djecu "Braća Mažuranići" - Novi Vinodolski', 'A. Mažuranića 5
51250 N. Vinodolski', '051/244-423 ');
INSERT INTO Institution( type, county, name, address, phone) VALUES( '477', 'PGZ', 'Dom za djecu "I.Brlić Mažuranić" - Lovran', 'Omladinska 1
51415 Lovran', '051/291-521 ');
INSERT INTO Institution( type, county, name, address, phone) VALUES( '477', 'PGZ', 'Podružnica Rijeka', 'Josipa Završnika 3 
51000 Rijeka', '051/333-695');
INSERT INTO Institution( type, county, name, address, phone) VALUES( '477', 'PGZ', 'Dom za djecu "Izvor" - Selce', 'E. Antića 20
51266 Selce', '051/765-095 ');
INSERT INTO Institution( type, county, name, address, phone) VALUES( '477', 'SMZ', 'Dom za djecu "Vrbina" - Sisak', 'Tomislavova 16
44000 Sisak', '044/545-320 ');
INSERT INTO Institution( type, county, name, address, phone) VALUES( '477', 'SDZ', 'Dom za djecu "Maestral" - Split', 'Jurja Šižgorića 4
21000 Split', '021/539-157 ');
INSERT INTO Institution( type, county, name, address, phone) VALUES( '477', 'SDZ', 'Podružnica "Miljenko i Dobrila" - Kaštel Lukšić', 'Obala kralja Tomislava 36
Kaštel Lukšić', '021/227-890');
INSERT INTO Institution( type, county, name, address, phone) VALUES( '477', 'VSZ', 'Dom za djecu  "Sveta Ana" - Vinkovci', 'Anina 2d
32100 Vinkovci', '032/331-057 ');
INSERT INTO Institution( type, county, name, address, phone) VALUES( '478', 'GZG', '"Nuevo Futuro" - Zagreb', 'Maksimirska 104/1
10000 Zagreb', '01/2336-101 ');
INSERT INTO Institution( type, county, name, address, phone) VALUES( '478', 'GZG', 'SOS - Dječje selo Hrvatska', 'Zavrtnica 5/III,
10000 Zagreb', '01/4610-066 ');
INSERT INTO Institution( type, county, name, address, phone) VALUES( '478', 'OBZ', 'SOS-dječje selo Ladimirevci', 'A.Šenoe 30
Ladimirevci
31550 Valpovo', '031/671-300 ');
INSERT INTO Institution( type, county, name, address, phone) VALUES( '478', 'SMZ', 'SOS - dječje selo Lekenik', 'Ul. Hermana Gmeinera 1
44272 Lekenik', '044/772-622 ');
INSERT INTO Institution( type, county, name, address, phone) VALUES( '478', 'ZGZ', 'Caritas-"Bl.Alojzije Stepinac" - Brezovica', 'Brezovička cesta 98
Brezovica', '01/6537-806 ');
INSERT INTO Institution( type, county, name, address, phone) VALUES( '479', 'GZG', 'Dom za odgoj djece i mladeži  Zagreb', 'Sv. Mateja 70a
10020 Zagreb', '01/6600-777 ');
INSERT INTO Institution( type, county, name, address, phone) VALUES( '479', 'IZ', 'Dom za odgoj djece i mladeži Pula', 'Park R. Boškovića 6
52000 Pula', '052/218-468 ');
INSERT INTO Institution( type, county, name, address, phone) VALUES( '479', 'KZ', 'Dom za odgoj djece i mladeži Karlovac', 'Banija 14
47000 Karlovac', '047/648-211 ');
INSERT INTO Institution( type, county, name, address, phone) VALUES( '479', 'KZZ', 'Odgojni dom Bedekovčina', 'Aleja D. Domjanića 15
49221 Bedekovčina', '049/213-977 ');
INSERT INTO Institution( type, county, name, address, phone) VALUES( '479', 'OBZ', 'Dom za odgoj djece i mladeži Osijek', 'Vinkovačka 61
31000 Osijek', '031/274-271 ');
INSERT INTO Institution( type, county, name, address, phone) VALUES( '479', 'PGZ', 'Dom  za odgoj djece i mladeži Rijeka', 'Vukovarska 47
51000 Rijeka', '051/671-708 ');
INSERT INTO Institution( type, county, name, address, phone) VALUES( '479', 'PGZ', 'Dom za odgoj djece Cres', 'Jadranska obala 15
51557 Cres', '051/571-222 ');
INSERT INTO Institution( type, county, name, address, phone) VALUES( '479', 'PGZ', 'Odgojni dom Mali Lošinj', 'Zagrebačka 16
51550 Mali Lošinj', '051/231-078 ');
INSERT INTO Institution( type, county, name, address, phone) VALUES( '479', 'SDZ', 'Dom za odgoj djece i mladeži Split', 'Hercegovačka 67
21000 Split', '021/507-009 ');
INSERT INTO Institution( type, county, name, address, phone) VALUES( '479', 'VZ', 'Odgojni dom Ivanec', 'Pahinsko 6
42240 Ivanec', ' ');
INSERT INTO Institution( type, county, name, address, phone) VALUES( '479', 'VZ', 'Prihvatna stanica i disciplinski centar Varaždin- CZSS Varaždin', 'J. Merlića 1a
42000 Varaždin', '042/303-900 ');
INSERT INTO Institution( type, county, name, address, phone) VALUES( '479', 'ZDZ', 'Dom za odgoj djece i mladeži  Zadar', 'Bana Jelačića 8
23000 Zadar', '023/234-820 ');
